Date,Open,High,Low,Close,Volume,Dividends,Stock Splits,Capital Gains,Ticker,Monthly_Return
1999-02-01 00:00:00-05:00,28.605096591284514,28.769089774035532,24.997246570762144,25.536081314086914,37772500,0.0,0.0,0.0,XLK,-0.09917361488700294
1999-03-01 00:00:00-05:00,25.208094126948122,28.347392094430507,24.645831804413962,27.4337158203125,24454200,0.0,0.0,0.0,XLK,0.07431189158920648
1999-04-01 00:00:00-05:00,28.113118740010545,29.659340270711127,25.582938053409595,27.59771156311035,14803300,0.0,0.0,0.0,XLK,0.005977890267290231
1999-05-01 00:00:00-04:00,27.738280527079365,29.448495458225306,26.52004523366034,27.691425323486328,8576500,0.0,0.0,0.0,XLK,0.0033957076535737762
1999-06-01 00:00:00-04:00,27.72654931787265,30.455863213548326,26.590311344136424,30.350439071655273,7156600,0.0,0.0,0.0,XLK,0.09602300051755441
1999-07-01 00:00:00-04:00,30.479314136021028,32.98606787357233,29.77648598530571,29.999048233032227,7672000,0.0,0.0,0.0,XLK,-0.01157778435407264
1999-08-01 00:00:00-04:00,29.846747629690153,32.00208576307437,28.441092325309143,31.053268432617188,9005300,0.0,0.0,0.0,XLK,0.03514178821260572
1999-09-01 00:00:00-04:00,31.27583711797541,32.93919624559807,30.03417467059511,30.924423217773438,10105600,0.0,0.0,0.0,XLK,-0.004149167586765756
1999-10-01 00:00:00-04:00,30.78385352527394,32.38864345410291,28.83936353851767,31.861522674560547,13624600,0.0,0.0,0.0,XLK,0.030302891995363845
1999-11-01 00:00:00-05:00,31.955242809580447,36.73447267259688,31.59211505038067,34.98911666870117,9600500,0.0,0.0,0.0,XLK,0.09816210060286346
1999-12-01 00:00:00-05:00,34.86028252621538,41.23259223530851,34.86028252621538,40.389198303222656,12957600,0.001,0.0,0.0,XLK,0.15433603785007866
2000-01-01 00:00:00-05:00,41.70191728287781,41.70191728287781,35.89176251537573,37.90657424926758,26007000,0.0,0.0,0.0,XLK,-0.061467524938641604
2000-02-01 00:00:00-05:00,37.87146124957125,42.35793500725321,37.508326297905086,41.889373779296875,14345000,0.0,0.0,0.0,XLK,0.10506883328045014
2000-03-01 00:00:00-05:00,41.983068885448915,49.05834053913506,41.88935667811532,45.403564453125,25334100,0.0,0.0,0.0,XLK,0.08389217495452161
2000-04-01 00:00:00-05:00,44.84130420684814,45.54414596557617,35.423224639892574,41.23338317871094,19069700,0.0,0.0,0.0,XLK,-0.09184700198415896
2000-05-01 00:00:00-04:00,41.842513026961356,42.170505850241014,33.502124092135915,36.946048736572266,10430200,0.0,0.0,0.0,XLK,-0.1039772657886644
2000-06-01 00:00:00-04:00,37.67230995468615,42.72105547411081,37.43802942014208,40.624244689941406,7453200,0.0,0.0,0.0,XLK,0.09955586806034167
2000-07-01 00:00:00-04:00,40.53053318074792,43.29504353642899,37.367745909417884,38.46886444091797,4436200,0.0,0.0,0.0,XLK,-0.05305650026170483
2000-08-01 00:00:00-04:00,38.42201017819431,42.47506369089408,36.61804994421812,42.381351470947266,4197800,0.0,0.0,0.0,XLK,0.10170529041839149
2000-09-01 00:00:00-04:00,42.75619244639764,42.873332699675444,34.72037107154044,34.76722717285156,6812600,0.0,0.0,0.0,XLK,-0.1796574208662327
2000-10-01 00:00:00-04:00,35.28264612466459,35.56378274717188,29.613057570767623,32.77584457397461,10161600,0.0,0.0,0.0,XLK,-0.05727757893882168
2000-11-01 00:00:00-05:00,32.42441746828367,33.478679596948965,25.314005111618865,26.05198860168457,9777200,0.0,0.0,0.0,XLK,-0.20514668835197802
2000-12-01 00:00:00-05:00,26.801692315442356,29.519346431343855,22.20979398167776,23.47490882873535,31240300,0.0,0.0,0.0,XLK,-0.09892065486250745
2001-01-01 00:00:00-05:00,23.568613825915417,29.285056940749772,21.84665247779933,27.963714599609375,18885300,0.0,0.0,0.0,XLK,0.19121717590567733
2001-02-01 00:00:00-05:00,28.053686862721246,28.22611985225957,20.68415987966221,20.999032974243164,16537600,0.0,0.0,0.0,XLK,-0.24906138991504012
2001-03-01 00:00:00-05:00,20.729141348650842,22.648367081530292,18.21765373984156,18.59250259399414,20568600,0.0,0.0,0.0,XLK,-0.11460196206181528
2001-04-01 00:00:00-05:00,18.70496877830584,23.990339984072545,16.380904306361675,21.59880256652832,21948800,0.0,0.0,0.0,XLK,0.1616942075084229
2001-05-01 00:00:00-04:00,21.591288001185088,23.3830660461048,20.369281672917083,20.714141845703125,17379100,0.0,0.0,0.0,XLK,-0.04095878547434639
2001-06-01 00:00:00-04:00,20.91656738971471,22.258527077499505,19.10229873842419,21.118986129760742,8168200,0.0,0.0,0.0,XLK,0.019544342559457695
2001-07-01 00:00:00-04:00,20.916568419920548,21.37388453737804,18.779929395158028,19.657075881958008,9975700,0.0,0.0,0.0,XLK,-0.06922255826204737
2001-08-01 00:00:00-04:00,20.016935780949783,20.61669356729701,16.920682455351923,17.258047103881836,8981300,0.0,0.0,0.0,XLK,-0.12204403098825545
2001-09-01 00:00:00-04:00,16.875699805896527,17.617900551139535,13.209677553047198,14.431684494018555,16882100,0.0,0.0,0.0,XLK,-0.16377070898291557
2001-10-01 00:00:00-04:00,14.35670563900617,17.145581021055776,13.996851212268925,16.006040573120117,24246700,0.0,0.0,0.0,XLK,0.10909025067406919
2001-11-01 00:00:00-05:00,16.11850121886879,18.854897651433948,15.8336167102183,18.3975830078125,40367900,0.0,0.0,0.0,XLK,0.14941499265650005
2001-12-01 00:00:00-05:00,18.18017464876175,19.717054820291196,17.8802957652847,17.99275016784668,43101100,0.0,0.0,0.0,XLK,-0.022004675276850683
2002-01-01 00:00:00-05:00,18.292627233004705,19.732047160549,16.82322013506113,17.797826766967773,39620000,0.0,0.0,0.0,XLK,-0.010833441194956217
2002-02-01 00:00:00-05:00,17.65538921435375,17.850310886771727,15.046440238794288,15.4812650680542,24471500,0.0,0.0,0.0,XLK,-0.1301598071070701
2002-03-01 00:00:00-05:00,15.683679213872939,17.662881097289063,15.66868491355974,16.245952606201172,20394600,0.0,0.0,0.0,XLK,0.04939438313248168
2002-04-01 00:00:00-05:00,16.133498677032755,16.530837637196683,13.906895064312433,14.281744003295898,19880900,0.0,0.0,0.0,XLK,-0.12090448929141429
2002-05-01 00:00:00-04:00,14.206773607621695,15.091415793392576,12.947281099154615,13.689481735229492,25307800,0.0,0.0,0.0,XLK,-0.0414698840652602
2002-06-01 00:00:00-04:00,13.696974783627045,13.809429131798106,10.870614635272013,11.860215187072754,15849700,0.0,0.0,0.0,XLK,-0.13362569770988286
2002-07-01 00:00:00-04:00,11.83022973522032,12.220072174997055,9.6711002315545,10.735671043395996,22291700,0.0,0.0,0.0,XLK,-0.09481650424879928
2002-08-01 00:00:00-04:00,10.623219254742251,11.87521479958256,9.566145334660131,10.645709991455078,17595400,0.0,0.0,0.0,XLK,-0.008379639388844451
2002-09-01 00:00:00-04:00,10.383316140665466,11.020558922982842,8.786459537146243,8.868926048278809,19703100,0.0,0.0,0.0,XLK,-0.1669014039084692
2002-10-01 00:00:00-04:00,8.951388828336425,11.28294876954094,8.546552162029096,11.065536499023438,30753800,0.0,0.0,0.0,XLK,0.24767490886576105
2002-11-01 00:00:00-05:00,10.945581767974394,12.969763786819767,10.825629589517218,12.819825172424316,26949300,0.0,0.0,0.0,XLK,0.1585362511393551
2002-12-01 00:00:00-05:00,13.194681644392963,13.34462034732289,11.035551881766795,11.095527648925781,33608900,0.041,0.0,0.0,XLK,-0.13450242107884058
2003-01-01 00:00:00-05:00,11.20065076591595,12.704093860234737,10.621825547389935,10.86237621307373,26907000,0.0,0.0,0.0,XLK,-0.021013100343598712
2003-02-01 00:00:00-05:00,10.847342047551768,11.238236875418913,10.33617117113567,10.914997100830078,12794900,0.0,0.0,0.0,XLK,0.004844325654364212
2003-03-01 00:00:00-05:00,10.93754601061187,11.734370256521606,10.088100781630741,10.749615669250488,20061100,0.0,0.0,0.0,XLK,-0.015151761384069706
2003-04-01 00:00:00-05:00,10.78720361141069,11.982440172017942,10.772168837579134,11.73437213897705,17244100,0.0,0.0,0.0,XLK,0.09160852815821863
2003-05-01 00:00:00-04:00,11.704301032301103,12.801814934078187,11.621611942998921,12.741677284240723,18973800,0.0,0.0,0.0,XLK,0.08584227032631708
2003-06-01 00:00:00-04:00,12.779264114268399,13.455813104147174,12.57629898716632,12.831884384155273,20078500,0.0,0.0,0.0,XLK,0.007079688011414342
2003-07-01 00:00:00-04:00,12.711606165956935,13.869257574001896,12.606365650241754,13.230294227600098,14063500,0.0,0.0,0.0,XLK,0.031048428392697947
2003-08-01 00:00:00-04:00,13.207743817860342,14.012085428554286,12.704090458763009,13.86174201965332,8531800,0.0,0.0,0.0,XLK,0.04772741869458508
2003-09-01 00:00:00-04:00,14.019604559241936,14.748775273150585,13.688846724415278,13.74146842956543,8798100,0.0,0.0,0.0,XLK,-0.008676657660874443
2003-10-01 00:00:00-04:00,13.84671364524651,14.996848351938288,13.75650641119809,14.748780250549316,9977400,0.0,0.0,0.0,XLK,0.07330452536037613
2003-11-01 00:00:00-05:00,14.86904755972289,15.252425587805234,14.36539424053172,14.959253311157227,6745700,0.0,0.0,0.0,XLK,0.014270540141790411
2003-12-01 00:00:00-05:00,15.034432885237411,15.432845872862494,14.568364834925141,15.320086479187012,10697700,0.141,0.0,0.0,XLK,0.024121068112447963
2004-01-01 00:00:00-05:00,15.488869700557553,16.836386803981014,15.428307215230856,16.086925506591797,19471800,0.0,0.0,0.0,XLK,0.050054484251545794
2004-02-01 00:00:00-05:00,16.162632536848047,16.32160855440128,15.458592587286324,15.678131103515625,13148900,0.0,0.0,0.0,XLK,-0.025411592967759078
2004-03-01 00:00:00-05:00,15.700844977077569,16.064220024565067,14.580437858695737,15.26176643371582,15745000,0.0,0.0,0.0,XLK,-0.026557034575788174
2004-04-01 00:00:00-05:00,15.35260565318722,15.973371507433965,14.67884635925293,14.67884635925293,10289500,0.0,0.0,0.0,XLK,-0.03819479724018848
2004-05-01 00:00:00-04:00,14.777265666692841,15.254195213317871,14.444171167062843,15.254195213317871,8716100,0.0,0.0,0.0,XLK,0.03919578146563718
2004-06-01 00:00:00-04:00,15.072511366355828,15.723559536819863,14.943815831355364,15.670567512512207,10692600,0.0,0.0,0.0,XLK,0.027295592679370984
2004-07-01 00:00:00-04:00,15.63270947369048,15.63270947369048,14.224631029011293,14.71670150756836,11046800,0.0,0.0,0.0,XLK,-0.0608699081371642
2004-08-01 00:00:00-04:00,14.618280840007278,14.79996826376566,13.520585807643313,14.065648078918457,11956300,0.0,0.0,0.0,XLK,-0.04423908634112639
2004-09-01 00:00:00-04:00,14.05808356551754,14.762123534336812,14.012662051249043,14.474452018737793,8357100,0.0,0.0,0.0,XLK,0.02906399602248322
2004-10-01 00:00:00-04:00,14.557732567397657,15.208780887279252,14.557732567397657,15.110365867614746,13350900,0.0,0.0,0.0,XLK,0.043933535311301286
2004-11-01 00:00:00-05:00,15.178484788484324,16.21561883785018,15.102782774715012,15.882524490356445,17805700,0.0,0.0,0.0,XLK,0.05110125257765108
2004-12-01 00:00:00-05:00,15.973377000519482,16.563861092292097,15.753837006658525,15.980947494506836,16248600,0.418,0.0,0.0,XLK,0.006196937030391592
2005-01-01 00:00:00-05:00,16.421631315068552,16.444792052394046,15.078254064732075,15.379355430603027,21933700,0.0,0.0,0.0,XLK,-0.037644330169446794
2005-02-01 00:00:00-05:00,15.441119528514909,15.788545306938458,15.132297432460593,15.402517318725586,14241000,0.0,0.0,0.0,XLK,0.0015060376377327156
2005-03-01 00:00:00-05:00,15.518327579948316,15.780826766264527,14.746271496095964,15.10141658782959,14799600,0.0,0.0,0.0,XLK,-0.01954880002179471
2005-04-01 00:00:00-05:00,15.05508962364991,15.27126579965666,14.252150803550315,14.568695068359375,15723500,0.0,0.0,0.0,XLK,-0.03527626142699358
2005-05-01 00:00:00-04:00,14.638182143810312,15.749943278966812,14.51465329241293,15.58009147644043,14760300,0.0,0.0,0.0,XLK,0.06942258063164686
2005-06-01 00:00:00-04:00,15.595531638647264,15.904353741153361,15.286708063561226,15.379355430603027,17303700,0.0,0.0,0.0,XLK,-0.012884137820432406
2005-07-01 00:00:00-04:00,15.472006043428028,16.4216347600689,15.302152746982172,16.251781463623047,22882000,0.0,0.0,0.0,XLK,0.05672708696776718
2005-08-01 00:00:00-04:00,16.313546848475223,16.54516459188728,15.62641730210484,16.09737205505371,23449200,0.0,0.0,0.0,XLK,-0.00950107586143445
2005-09-01 00:00:00-04:00,16.10508768953457,16.390747568186793,15.719059712106263,16.135969161987305,20225300,0.0,0.0,0.0,XLK,0.0023977272067507993
2005-10-01 00:00:00-04:00,16.09736609147711,16.24405712736888,15.055090313704673,15.765381813049316,26484500,0.0,0.0,0.0,XLK,-0.0229665380007672
2005-11-01 00:00:00-05:00,15.73450272273911,16.985234256861446,15.65729829054477,16.761337280273438,33053400,0.0,0.0,0.0,XLK,0.06317357099463017
2005-12-01 00:00:00-05:00,16.90802511684392,17.093318369299922,16.11280842579272,16.135969161987305,28463700,0.148,0.0,0.0,XLK,-0.03731015657218073
2006-01-01 00:00:00-05:00,16.32425517816446,17.583555515711442,16.19988001923005,16.79066276550293,50748600,0.0,0.0,0.0,XLK,0.04057355321785905
2006-02-01 00:00:00-05:00,16.697383806646133,17.171565116254673,16.417540387556894,16.829532623291016,36663000,0.0,0.0,0.0,XLK,0.002314968642449733
2006-03-01 00:00:00-05:00,16.915045110024238,17.43586686531032,16.767348990046834,17.21043586730957,34200900,0.0,0.0,0.0,XLK,0.022633025678408192
2006-04-01 00:00:00-05:00,17.327042797219242,17.583566914145173,16.938369802927234,16.985010147094727,37263000,0.0,0.0,0.0,XLK,-0.013098199368850927
2006-05-01 00:00:00-04:00,17.070507023957227,17.12492245617028,15.702380204173847,15.881169319152832,43169500,0.0,0.0,0.0,XLK,-0.06498911795650031
2006-06-01 00:00:00-04:00,15.873400376885485,16.269846889867765,15.173789493898258,15.803439140319824,33502600,0.0,0.0,0.0,XLK,-0.004894487129437297
2006-07-01 00:00:00-04:00,15.772340016107554,15.935581850209163,14.65296214416511,15.391439437866211,27829100,0.0,0.0,0.0,XLK,-0.026070255897810535
2006-08-01 00:00:00-04:00,15.329264193710735,16.59633913687506,15.088287323588743,16.47196388244629,33018200,0.0,0.0,0.0,XLK,0.07020294943446026
2006-09-01 00:00:00-04:00,16.57301102583998,17.303716440390914,16.192111789177613,17.101606369018555,51790100,0.044,0.0,0.0,XLK,0.0382251012123247
2006-10-01 00:00:00-04:00,17.09741622870995,17.977601436828014,16.52101002064946,17.814027786254883,54046300,0.0,0.0,0.0,XLK,0.04165815782820026
2006-11-01 00:00:00-05:00,17.915293610852554,18.561801973034257,17.533620142642448,18.320335388183594,45282100,0.0,0.0,0.0,XLK,0.02842184866913544
2006-12-01 00:00:00-05:00,18.226860321026432,18.49169516681163,17.899711481273116,18.11781120300293,29277000,0.135,0.0,0.0,XLK,-0.011054611222417354
2007-01-01 00:00:00-05:00,18.299986540753423,18.84835851426178,18.08847093227853,18.589839935302734,55495900,0.0,0.0,0.0,XLK,0.026053297885208604
2007-02-01 00:00:00-05:00,18.61334756869777,18.864032142951274,17.845625686496934,18.088476181030273,37241700,0.0,0.0,0.0,XLK,-0.02696977252183619
2007-03-01 00:00:00-05:00,17.806451808490706,18.58200761886702,17.54009912684256,18.268651962280273,44077500,0.0,0.0,0.0,XLK,0.009960804848722082
2007-04-01 00:00:00-04:00,18.323484874989344,19.357559055162533,18.21381079351561,19.1303768157959,28438900,0.0,0.0,0.0,XLK,0.04716959167511914
2007-05-01 00:00:00-04:00,19.18522358690005,20.133126395614628,19.0677153694093,20.093955993652344,50455700,0.0,0.0,0.0,XLK,0.05036906419223386
2007-06-01 00:00:00-04:00,20.18796305772336,20.328973513552544,19.529915259985838,20.054786682128906,33600400,0.018,0.0,0.0,XLK,-0.0019493081171179094
2007-07-01 00:00:00-04:00,20.13158760872432,21.18206775463343,19.93560252919273,20.029674530029297,41596300,0.0,0.0,0.0,XLK,-0.0012521774725227086
2007-08-01 00:00:00-04:00,20.045350257300992,20.696020549940407,18.73617009075576,20.413803100585938,79587100,0.0,0.0,0.0,XLK,0.019177973660068126
2007-09-01 00:00:00-04:00,20.445158007910823,21.456441467476044,20.03750879187304,21.142864227294922,57681600,0.053,0.0,0.0,XLK,0.03571412554126474
2007-10-01 00:00:00-04:00,21.342229569178706,22.40266453343711,21.098722769403693,22.30840301513672,88193400,0.0,0.0,0.0,XLK,0.05512681608848036
2007-11-01 00:00:00-04:00,22.465495033992116,22.465495033992116,19.786916935525188,20.627408981323242,108249700,0.0,0.0,0.0,XLK,-0.07535250428607043
2007-12-01 00:00:00-05:00,20.69025594782489,21.703559269656324,20.26608141898675,20.941617965698242,48215200,0.123,0.0,0.0,XLK,0.015232595846598862
2008-01-01 00:00:00-05:00,21.03027090097678,21.085509646425596,15.593176876738204,18.34723472595215,107540700,0.0,0.0,0.0,XLK,-0.12388647543831699
2008-02-01 00:00:00-05:00,18.60766073380756,18.694465400667454,17.250359470498136,17.479206085205078,74474800,0.0,0.0,0.0,XLK,-0.04731114272600678
2008-03-01 00:00:00-05:00,17.502877265113852,18.38670069036706,16.658509678344824,17.676485061645508,108756000,0.006,0.0,0.0,XLK,0.01128649524919867
2008-04-01 00:00:00-04:00,18.09172218932966,19.39413643939874,17.61022299469325,18.78634262084961,94005400,0.0,0.0,0.0,XLK,0.0627872314735396
2008-05-01 00:00:00-04:00,19.078406186430136,20.27820701577385,19.054725372036753,20.009830474853516,82156300,0.0,0.0,0.0,XLK,0.06512645269473816
2008-06-01 00:00:00-04:00,19.95458210001019,20.13613054240972,17.870716546442765,18.083839416503906,104258700,0.069,0.0,0.0,XLK,-0.09625224265492982
2008-07-01 00:00:00-04:00,17.921709969042286,18.190852384606853,17.082619708083843,17.692148208618164,172174000,0.0,0.0,0.0,XLK,-0.021659737120219735
2008-08-01 00:00:00-04:00,17.79505613204546,18.86370973772728,17.383426348992835,18.008787155151367,118913600,0.0,0.0,0.0,XLK,0.017897145264641257
2008-09-01 00:00:00-04:00,18.420418736635632,18.46791402090257,15.008642694963608,15.713163375854492,272515600,0.071,0.0,0.0,XLK,-0.12747242551757398
2008-10-01 00:00:00-04:00,15.632023877490042,15.703511911657483,11.350691928305997,13.225263595581055,398338500,0.0,0.0,0.0,XLK,-0.1583322034375617
2008-11-01 00:00:00-04:00,13.257036788403163,13.86071268241656,10.278372977221062,12.113229751586914,204439100,0.0,0.0,0.0,XLK,-0.08408405896466997
2008-12-01 00:00:00-05:00,11.89082404685726,12.772508106589127,11.136229499427653,12.240320205688477,172929900,0.081,0.0,0.0,XLK,0.010491871838302469
2009-01-01 00:00:00-05:00,12.377683280868254,13.136316091206819,11.419411179178823,11.722864151000977,140852200,0.0,0.0,0.0,XLK,-0.042274715529665774
2009-02-01 00:00:00-05:00,11.65897638935165,12.888758006259602,11.044084819331507,11.275667190551758,149347800,0.0,0.0,0.0,XLK,-0.03814741471784722
2009-03-01 00:00:00-05:00,11.13192675437193,12.944657670629855,10.445165386000864,12.47350788116455,194444600,0.077,0.0,0.0,XLK,0.10623235595464386
2009-04-01 00:00:00-04:00,12.391923062331403,14.181689598944194,12.359819664452516,13.844603538513184,169518000,0.0,0.0,0.0,XLK,0.10992061498746764
2009-05-01 00:00:00-04:00,13.892764308396968,14.358264163251976,13.338981027649556,14.165643692016602,140592800,0.0,0.0,0.0,XLK,0.023188829684457346
2009-06-01 00:00:00-04:00,14.35825747282399,14.952170698427192,14.06932766600747,14.615084648132324,160020900,0.081,0.0,0.0,XLK,0.03172753500562897
2009-07-01 00:00:00-04:00,14.777974722567945,16.172731384413776,13.826637310942662,15.88249397277832,217449400,0.0,0.0,0.0,XLK,0.08671925993996621
2009-08-01 00:00:00-04:00,16.0840469446117,16.583901157377873,15.479383548765224,16.14048194885254,142625600,0.0,0.0,0.0,XLK,0.01624354314356391
2009-09-01 00:00:00-04:00,16.075986479047856,17.12406920713318,15.729312511803702,16.825769424438477,168174900,0.077,0.0,0.0,XLK,0.04245768359070934
2009-10-01 00:00:00-04:00,16.807247562986543,17.55981111706676,16.256985973188467,16.67777442932129,195359900,0.0,0.0,0.0,XLK,-0.008795734173216108
2009-11-01 00:00:00-04:00,16.693957728759123,17.996782897244813,16.556392328711308,17.600271224975586,144569300,0.0,0.0,0.0,XLK,0.05531294355633265
2009-12-01 00:00:00-05:00,17.737842929484977,18.757445396329484,17.70547386223178,18.555143356323242,144493700,0.079,0.0,0.0,XLK,0.05425326230158589
2010-01-01 00:00:00-05:00,18.792308058747793,18.922246109794848,16.940690056835358,17.021900177001953,299589100,0.0,0.0,0.0,XLK,-0.08263170754748106
2010-02-01 00:00:00-05:00,17.10310620184402,17.817766795736752,16.818866228113574,17.61473846435547,245091200,0.0,0.0,0.0,XLK,0.03482797344532029
2010-03-01 00:00:00-05:00,17.70407252747318,18.98721171195261,17.67158879506006,18.75982093811035,173808800,0.073,0.0,0.0,XLK,0.06500706644450216
2010-04-01 00:00:00-04:00,18.868438067803964,19.683137471608678,18.656616036344843,19.055818557739258,201019800,0.0,0.0,0.0,XLK,0.015778275315389
2010-05-01 00:00:00-04:00,19.112847188366604,19.38984510882836,16.81539512776149,17.630094528198242,353812000,0.0,0.0,0.0,XLK,-0.07481830419517599
2010-06-01 00:00:00-04:00,17.548623676604866,18.428498858885725,16.570983894552533,16.61986541748047,268017500,0.079,0.0,0.0,XLK,-0.05730140068744238
2010-07-01 00:00:00-04:00,16.686838454470628,18.354705479403172,16.359806163134728,17.92138671875,243956600,0.0,0.0,0.0,XLK,0.07831118174402385
2010-08-01 00:00:00-04:00,18.133954125963854,18.371051900469322,16.825823687736307,16.91575813293457,261815300,0.0,0.0,0.0,XLK,-0.05611332435359506
2010-09-01 00:00:00-04:00,17.144685131259706,19.106882166217762,17.111982679030728,18.820728302001953,221315300,0.081,0.0,0.0,XLK,0.1126151221894367
2010-10-01 00:00:00-04:00,19.020042056982742,20.062124101893623,18.60977368324299,19.980070114135742,248081800,0.0,0.0,0.0,XLK,0.061599200282300925
2010-11-01 00:00:00-04:00,20.078535331130155,20.743171279158634,19.479543830852435,19.651857376098633,201078000,0.0,0.0,0.0,XLK,-0.01642700631990779
2010-12-01 00:00:00-05:00,19.939047812229465,20.79240701513167,19.889816032077437,20.669326782226562,136638000,0.09,0.0,0.0,XLK,0.05177471964382452
2011-01-01 00:00:00-05:00,20.90010380871107,21.838880256195566,20.90010380871107,21.40243148803711,225458000,0.0,0.0,0.0,XLK,0.035468243041226755
2011-02-01 00:00:00-05:00,21.558894112597123,22.308267302977058,21.27067329229474,21.87181854248047,175657000,0.0,0.0,0.0,XLK,0.02193148263110767
2011-03-01 00:00:00-05:00,21.912992320266493,21.95416604715851,20.19190414880669,21.460073471069336,253329900,0.084,0.0,0.0,XLK,-0.01882536976115734
2011-04-01 00:00:00-04:00,21.631748776583745,22.13577397913804,20.822004557649098,22.094459533691406,165544900,0.0,0.0,0.0,XLK,0.029561225103786226
2011-05-01 00:00:00-04:00,22.193618942307754,22.21840604064433,21.185568250343117,21.863109588623047,273952000,0.0,0.0,0.0,XLK,-0.010470948371268274
2011-06-01 00:00:00-04:00,21.80526305934525,21.879627479502453,20.111410324619673,21.235137939453125,243632300,0.098,0.0,0.0,XLK,-0.02872288805141887
2011-07-01 00:00:00-04:00,21.345067914933562,22.299083476394507,21.187449039574076,21.411434173583984,197048900,0.0,0.0,0.0,XLK,0.008302099785437056
2011-08-01 00:00:00-04:00,21.685191198197277,21.743261466044327,18.640636676005943,20.2749080657959,583875700,0.0,0.0,0.0,XLK,-0.053080335421447744
2011-09-01 00:00:00-04:00,20.316382802329343,20.980046732260707,19.08031069092329,19.57805824279785,362668400,0.094,0.0,0.0,XLK,-0.03437006080306937
2011-10-01 00:00:00-04:00,19.49433276473991,22.117448577328062,18.819817633118156,21.65944480895996,234414900,0.0,0.0,0.0,XLK,0.10631220626426452
2011-11-01 00:00:00-04:00,21.15147398014471,22.100793197975474,19.993972548486536,21.33467674255371,181528300,0.0,0.0,0.0,XLK,-0.014994293218074661
2011-12-01 00:00:00-05:00,21.276387498492028,21.842647789060916,20.535253547297433,21.193115234375,214300700,0.109,0.0,0.0,XLK,-0.00663527785712148
2012-01-01 00:00:00-05:00,21.63712145161866,22.749505253177297,21.461481064390433,22.60732078552246,187129700,0.0,0.0,0.0,XLK,0.06672947962145903
2012-02-01 00:00:00-05:00,22.824776695423335,24.430622352865726,22.741138501948413,24.213165283203125,168254900,0.0,0.0,0.0,XLK,0.07103205695692316
2012-03-01 00:00:00-05:00,24.338627961467882,25.543014105911404,23.74479807261278,25.225189208984375,207406700,0.096,0.0,0.0,XLK,0.04179643239305442
2012-04-01 00:00:00-04:00,25.297807348308012,25.69216889010749,24.165069371436743,25.020915985107422,221066500,0.0,0.0,0.0,XLK,-0.008097985794461304
2012-05-01 00:00:00-04:00,25.00413592300006,25.356543280858777,22.998771120160175,23.43508529663086,206291100,0.0,0.0,0.0,XLK,-0.06338020116531529
2012-06-01 00:00:00-04:00,23.03233079417624,24.282537229797683,22.68831433338594,24.106332778930664,191442400,0.109,0.0,0.0,XLK,0.02864284357421587
2012-07-01 00:00:00-04:00,24.267318326446826,24.781135725444962,23.307070891758134,24.646364212036133,168214500,0.0,0.0,0.0,XLK,0.022402056673566983
2012-08-01 00:00:00-04:00,24.806411423483922,26.07831765921687,24.275747067353667,25.68242645263672,180026700,0.0,0.0,0.0,XLK,0.042037122866772414
2012-09-01 00:00:00-04:00,25.657158439978563,26.7353324848782,25.429732445402795,25.96881866455078,140347100,0.13,0.0,0.0,XLK,0.01115129103716983
2012-10-01 00:00:00-04:00,26.177580717434257,26.40594610266369,24.291440442555587,24.418312072753906,206337400,0.0,0.0,0.0,XLK,-0.05970647382252403
2012-11-01 00:00:00-04:00,24.545184579244523,24.925794668724055,23.014281164519435,24.638221740722656,203404900,0.0,0.0,0.0,XLK,0.009005932404890782
2012-12-01 00:00:00-05:00,24.824304694099343,25.001922451873632,23.89392158410558,24.401403427124023,203490900,0.168,0.0,0.0,XLK,-0.00961182653889403
2013-01-01 00:00:00-05:00,25.196799274600693,25.426478514522586,24.754451307492708,25.00965118408203,182801500,0.0,0.0,0.0,XLK,0.024926753035929616
2013-02-01 00:00:00-05:00,25.222315040377133,25.537063028654217,24.848020530066258,25.20530128479004,153707400,0.0,0.0,0.0,XLK,0.007822983985979581
2013-03-01 00:00:00-05:00,25.086207315751984,25.91986183852889,24.967114276075563,25.74972915649414,126157000,0.124,0.0,0.0,XLK,0.021599736720173013
2013-04-01 00:00:00-04:00,25.880650546901915,26.31626566356458,24.855675239303817,26.307723999023438,184777800,0.0,0.0,0.0,XLK,0.021669930551039274
2013-05-01 00:00:00-04:00,26.27356343723958,27.597492341414004,26.051485008878267,27.042295455932617,190887400,0.0,0.0,0.0,XLK,0.027922273205255088
2013-06-01 00:00:00-04:00,27.07644679166612,27.358313464101762,25.573148640129407,26.12834358215332,192113600,0.155,0.0,0.0,XLK,-0.033797126256114196
2013-07-01 00:00:00-04:00,26.457727736514652,27.633816610558675,26.286036778655067,27.23892593383789,172056000,0.0,0.0,0.0,XLK,0.04250488930508167
2013-08-01 00:00:00-04:00,27.419217689868,27.8742021594962,26.861218919022374,26.95564842224121,119888800,0.0,0.0,0.0,XLK,-0.010399731336130813
2013-09-01 00:00:00-04:00,27.067235998419488,28.251909710713797,26.87837380904332,27.505050659179688,129264600,0.158,0.0,0.0,XLK,0.02038171103630959
2013-10-01 00:00:00-04:00,27.664070578566513,29.25990746180122,27.068865600235966,29.02700424194336,184200000,0.0,0.0,0.0,XLK,0.05533360405775967
2013-11-01 00:00:00-04:00,29.147771963435396,30.01038726896033,28.906237440269365,29.924123764038086,123181600,0.0,0.0,0.0,XLK,0.0309063765112354
2013-12-01 00:00:00-05:00,29.949996722771388,30.84711390786467,29.354790209745726,30.829864501953125,130905500,0.171,0.0,0.0,XLK,0.030267911771021616
2014-01-01 00:00:00-05:00,30.877809756640644,31.25056292948339,29.638189355202876,30.184316635131836,169328000,0.0,0.0,0.0,XLK,-0.020939043270215896
2014-02-01 00:00:00-05:00,30.11497040536481,31.597312642959306,29.4041362018984,31.510623931884766,153703300,0.0,0.0,0.0,XLK,0.04394027907887854
2014-03-01 00:00:00-05:00,31.12053630597605,31.85737216251052,30.860473479588634,31.510623931884766,185297400,0.157,0.0,0.0,XLK,0.0
2014-04-01 00:00:00-04:00,31.707144751801653,32.15115113209236,30.5840770180888,31.733264923095703,176911500,0.0,0.0,0.0,XLK,0.007065584981503781
2014-05-01 00:00:00-04:00,31.72454742445902,32.969501162335625,31.149953647059302,32.92597198486328,109592500,0.0,0.0,0.0,XLK,0.03758538759431329
2014-06-01 00:00:00-04:00,32.97821561569717,33.50057249243205,32.68221249993032,33.387393951416016,134047100,0.176,0.0,0.0,XLK,0.01401392088788933
2014-07-01 00:00:00-04:00,33.663767513208604,35.054398668016525,33.42762222242518,34.10981750488281,150096200,0.0,0.0,0.0,XLK,0.021637614319884868
2014-08-01 00:00:00-04:00,34.022349021297494,35.255549665177085,33.480088121273006,35.22930908203125,134883300,0.0,0.0,0.0,XLK,0.03282021596826734
2014-09-01 00:00:00-04:00,35.308041327878534,35.52669405429706,34.40719316267447,34.896976470947266,157756900,0.174,0.0,0.0,XLK,-0.009433412682325115
2014-10-01 00:00:00-04:00,34.932968732385554,35.61810005385521,32.130954123370785,35.609317779541016,340379800,0.0,0.0,0.0,XLK,0.020412694182454283
2014-11-01 00:00:00-04:00,35.65325210092371,37.40122035066304,35.53028010007751,37.322166442871094,112458700,0.0,0.0,0.0,XLK,0.0481011367287183
2014-12-01 00:00:00-05:00,37.234331034797684,37.27824913272184,34.985692254014154,36.32081985473633,171093500,0.216,0.0,0.0,XLK,-0.026829808759025853
2015-01-01 00:00:00-05:00,36.73930680994335,36.82759987813299,35.017565034928005,35.22947311401367,213262000,0.0,0.0,0.0,XLK,-0.030047414818483054
2015-02-01 00:00:00-05:00,35.353097741419354,38.249154554226536,34.77918248290204,38.046077728271484,124359500,0.0,0.0,0.0,XLK,0.07995023386079025
2015-03-01 00:00:00-05:00,38.17852090256771,38.37276639835103,36.147745898429946,36.58921813964844,204052800,0.173,0.0,0.0,XLK,-0.03829197845381249
2015-04-01 00:00:00-04:00,36.774429301428675,38.60960428386282,36.384344957908866,37.7496452331543,152026400,0.0,0.0,0.0,XLK,0.03171500109887315
2015-05-01 00:00:00-04:00,37.980156478938575,38.84011908435048,37.11132977887201,38.45003128051758,149699300,0.0,0.0,0.0,XLK,0.018553447139369572
2015-06-01 00:00:00-04:00,38.671675197798955,38.76919715972559,36.60599595189172,36.70351791381836,176791500,0.193,0.0,0.0,XLK,-0.045422937473243774
2015-07-01 00:00:00-04:00,37.19814281859874,39.01485923167587,36.325407301846006,37.91948699951172,187681500,0.0,0.0,0.0,XLK,0.033129496974881656
2015-08-01 00:00:00-04:00,37.90167806833635,38.14212614395329,27.891929211228486,35.82670211791992,287939400,0.0,0.0,0.0,XLK,-0.05519022136609453
2015-09-01 00:00:00-04:00,35.069748145907596,36.868653818506665,34.24153901453357,35.176612854003906,242581500,0.183,0.0,0.0,XLK,-0.018145383903221513
2015-10-01 00:00:00-04:00,35.335214129043905,39.41441982408118,34.81636630890328,39.04764938354492,233852900,0.0,0.0,0.0,XLK,0.1100457439039757
2015-11-01 00:00:00-04:00,39.119213671733355,39.879593765623646,37.82209749831974,39.3249626159668,191447600,0.0,0.0,0.0,XLK,0.007101918727500545
2015-12-01 00:00:00-05:00,39.48599224250583,39.94222107515915,37.66108373686348,38.314117431640625,260945200,0.216,0.0,0.0,XLK,-0.025704924228351245
2016-01-01 00:00:00-05:00,37.814270579105646,38.20985371228581,34.1910750596551,37.07704544067383,340881700,0.0,0.0,0.0,XLK,-0.032287628526846746
2016-02-01 00:00:00-05:00,36.924212811428575,37.436674223421015,34.38887632168968,36.83430862426758,293589600,0.0,0.0,0.0,XLK,-0.006546821989757756
2016-03-01 00:00:00-05:00,37.14896628666163,40.160800296696266,37.09502173172446,39.88209533691406,228773000,0.22,0.0,0.0,XLK,0.08274314970143104
2016-04-01 00:00:00-04:00,39.80359064924408,40.41803910003556,37.788562488869026,38.06867980957031,207864500,0.0,0.0,0.0,XLK,-0.04546941458377407
2016-05-01 00:00:00-04:00,38.15001273012886,39.98432057080097,37.73435389659421,39.93010330200195,204116700,0.0,0.0,0.0,XLK,0.04889645508441531
2016-06-01 00:00:00-04:00,39.794562002940005,40.08371385198355,37.282550574801526,39.18914794921875,221698300,0.211,0.0,0.0,XLK,-0.01855630943849962
2016-07-01 00:00:00-04:00,39.40719849135411,42.27647814207863,38.91687769606543,42.176597595214844,161019700,0.0,0.0,0.0,XLK,0.07623155394619019
2016-08-01 00:00:00-04:00,42.17657627266336,43.06641534180033,41.740736940662174,42.66689682006836,161891300,0.0,0.0,0.0,XLK,0.011624911747484035
2016-09-01 00:00:00-04:00,42.65781737945892,43.5567384355868,41.64085887867016,43.38421630859375,248368700,0.196,0.0,0.0,XLK,0.016812084824223694
2016-10-01 00:00:00-04:00,43.445149935964025,43.81896954297637,42.66103966806713,43.235443115234375,145793100,0.0,0.0,0.0,XLK,-0.0034292008941949614
2016-11-01 00:00:00-04:00,43.32663473326094,44.03780312293767,41.75841369133559,43.30839920043945,256991300,0.0,0.0,0.0,XLK,0.0016874138426343777
2016-12-01 00:00:00-05:00,43.25368561015901,45.04984530490126,42.27810736937811,44.09250259399414,208075900,0.216,0.0,0.0,XLK,0.01810511143405935
2017-01-01 00:00:00-05:00,44.570983659120756,46.54907060281304,44.41530283119386,45.86223602294922,156577700,0.0,0.0,0.0,XLK,0.04013683335806251
2017-02-01 00:00:00-05:00,46.28349664312849,48.215791941845076,45.88055142842949,47.94105529785156,136779400,0.0,0.0,0.0,XLK,0.045327473214827885
2017-03-01 00:00:00-05:00,48.23409634477484,49.14071943193514,47.92273472167237,48.82019805908203,191204300,0.205,0.0,0.0,XLK,0.018337993516589712
2017-04-01 00:00:00-04:00,49.05419687462114,50.093014232751074,48.10731227337834,49.99188995361328,158248200,0.0,0.0,0.0,XLK,0.024000146273746692
2017-05-01 00:00:00-04:00,50.175746683637755,52.26256919580562,49.98268966791622,51.96839141845703,223083000,0.0,0.0,0.0,XLK,0.03953644214447016
2017-06-01 00:00:00-04:00,52.07870880111561,52.97043362167258,49.94591824028512,50.304447174072266,319210200,0.223,0.0,0.0,XLK,-0.03201839039015941
2017-07-01 00:00:00-04:00,50.71942875521318,53.71921294385356,50.07332068730488,52.759281158447266,206547800,0.0,0.0,0.0,XLK,0.048799542034133836
2017-08-01 00:00:00-04:00,53.02696076017864,54.393016053634355,52.30701008315016,54.300716400146484,220408100,0.0,0.0,0.0,XLK,0.029216380660493924
2017-09-01 00:00:00-04:00,54.43915885432631,54.61452958172191,53.13771419048097,54.54991912841797,170947400,0.209,0.0,0.0,XLK,0.004589308296323091
2017-10-01 00:00:00-04:00,54.8837482990662,58.43150958987748,54.559541916640555,58.31108856201172,163283600,0.0,0.0,0.0,XLK,0.06894912941556242
2017-11-01 00:00:00-04:00,58.58899134779576,59.99697664691507,57.90352175195314,59.13551330566406,204743900,0.0,0.0,0.0,XLK,0.01413838712298432
2017-12-01 00:00:00-05:00,58.77424224857278,60.39527768580382,57.53298940957634,59.237396240234375,228424000,0.238,0.0,0.0,XLK,0.001722872245036422
2018-01-01 00:00:00-05:00,59.70000118736984,64.33021782903207,59.55124299582268,63.642189025878906,267304600,0.0,0.0,0.0,XLK,0.07435831189779352
2018-02-01 00:00:00-05:00,63.40975817686602,64.8137006195261,56.68758367221096,63.381866455078125,377970700,0.0,0.0,0.0,XLK,-0.004090408811911361
2018-03-01 00:00:00-05:00,63.53063426755194,66.32921256459254,59.29091859737874,60.82502365112305,339400800,0.218,0.0,0.0,XLK,-0.040340288902145804
2018-04-01 00:00:00-04:00,60.77282680554582,63.69208356265396,58.89815668831647,61.0526237487793,309949100,0.0,0.0,0.0,XLK,0.0037418826001893724
2018-05-01 00:00:00-04:00,60.968668636817064,65.67865004399405,60.81943795231424,65.19366455078125,270602000,0.0,0.0,0.0,XLK,0.06782740114563457
2018-06-01 00:00:00-04:00,65.63202263244334,67.55332149717829,63.95321296325978,64.79261779785156,289945400,0.255,0.0,0.0,XLK,-0.006151621567726084
2018-07-01 00:00:00-04:00,64.4605597360037,69.48673771231708,64.36695658292477,66.37930297851562,251284800,0.0,0.0,0.0,XLK,0.02448867223754414
2018-08-01 00:00:00-04:00,66.85664031333661,71.16212039330698,66.36057510820471,70.75965118408203,228823000,0.0,0.0,0.0,XLK,0.06598966860173494
2018-09-01 00:00:00-04:00,70.43205547308018,70.59116936630913,68.56010715485878,70.5069351196289,263065900,0.254,0.0,0.0,XLK,-0.0035714713148554678
2018-10-01 00:00:00-04:00,71.19681896355281,71.62882625276671,61.59872372347184,65.08296966552734,602160400,0.0,0.0,0.0,XLK,-0.07692811274378519
2018-11-01 00:00:00-04:00,65.17684930959697,66.8297512043453,59.52317994284549,63.805694580078125,335092200,0.0,0.0,0.0,XLK,-0.019625335045609593
2018-12-01 00:00:00-05:00,65.40226240763886,65.46800247727516,54.06674698231341,58.20838928222656,428194000,0.265,0.0,0.0,XLK,-0.08772422798135626
2019-01-01 00:00:00-05:00,57.26313359060551,62.8564527272955,55.47100998003103,62.51689147949219,275820900,0.0,0.0,0.0,XLK,0.0740185779128093
2019-02-01 00:00:00-05:00,62.545180960947,67.41222024142053,62.45086000045841,66.83685302734375,199768100,0.0,0.0,0.0,XLK,0.06910070935418577
2019-03-01 00:00:00-05:00,67.36507878569898,70.97762963578508,64.9315583282339,69.79859924316406,339114200,0.233,0.0,0.0,XLK,0.04431307103296178
2019-04-01 00:00:00-04:00,70.7054190799001,75.19074469446655,70.3079867182443,74.48104095458984,232948400,0.0,0.0,0.0,XLK,0.06708503841335145
2019-05-01 00:00:00-04:00,75.22858495053363,75.41783636450451,67.9990712007702,68.02745819091797,360699500,0.0,0.0,0.0,XLK,-0.08664732233813088
2019-06-01 00:00:00-04:00,68.13155680413621,74.96363907211216,66.38095574681473,73.84703826904297,251569500,0.278,0.0,0.0,XLK,0.0855475161484418
2019-07-01 00:00:00-04:00,75.80773795934128,78.60909823121598,74.83912697561904,76.70037078857422,195389100,0.0,0.0,0.0,XLK,0.038638415113357194
2019-08-01 00:00:00-04:00,76.83334614245787,78.45718677543144,71.35406403340185,75.52287292480469,335680800,0.0,0.0,0.0,XLK,-0.015351918793395702
2019-09-01 00:00:00-04:00,74.89613140238144,78.26726002381027,74.33585483178591,76.47248840332031,217586100,0.253,0.0,0.0,XLK,0.012573879167191215
2019-10-01 00:00:00-04:00,77.05365991773485,80.06379527879571,73.61486944386026,79.70181274414062,238198100,0.0,0.0,0.0,XLK,0.042228576684842034
2019-11-01 00:00:00-04:00,79.96854107293784,84.22654570912937,79.8447091363419,83.9788818359375,163562700,0.0,0.0,0.0,XLK,0.05366338536774751
2019-12-01 00:00:00-05:00,84.01698673208006,87.91301644799037,81.12116944836161,87.32241821289062,169219400,0.295,0.0,0.0,XLK,0.039814013998008546
2020-01-01 00:00:00-05:00,88.40052263712461,94.44998717938613,87.20592097986618,91.1051025390625,213914200,0.0,0.0,0.0,XLK,0.04331859336453281
2020-02-01 00:00:00-05:00,91.21021819663088,98.37782736443982,80.33456121959655,84.45355224609375,305993600,0.0,0.0,0.0,XLK,-0.07300963510926084
2020-03-01 00:00:00-05:00,85.97308524967896,90.46479154513608,65.08189232884473,76.80810546875,782411700,0.371,0.0,0.0,XLK,-0.09052842152885732
2020-04-01 00:00:00-04:00,74.53849973682355,88.51627328795601,72.97260779740628,87.81498718261719,311278900,0.0,0.0,0.0,XLK,0.1433036480550276
2020-05-01 00:00:00-04:00,85.88404153899607,94.64536174158286,84.61595533444574,94.11699676513672,237642600,0.0,0.0,0.0,XLK,0.07176462452148491
2020-06-01 00:00:00-04:00,93.67507894014406,101.6678654350697,93.26198990672006,100.38056182861328,262276100,0.281,0.0,0.0,XLK,0.06655083862383449
2020-07-01 00:00:00-04:00,100.72462579651595,106.41784424737158,99.67461168196816,106.37931060791016,211491100,0.0,0.0,0.0,XLK,0.059760063801385765
2020-08-01 00:00:00-04:00,107.82431070850323,119.78873256069791,107.07292296168063,119.01808166503906,164859400,0.0,0.0,0.0,XLK,0.1188085444895628
2020-09-01 00:00:00-04:00,120.08736080481684,123.03511485652315,105.10774607566992,112.4193344116211,335468900,0.247,0.0,0.0,XLK,-0.05544323317182409
2020-10-01 00:00:00-04:00,114.23237496311562,119.97681617486391,105.78466296594439,107.03009796142578,199725600,0.0,0.0,0.0,XLK,-0.04793869736377132
2020-11-01 00:00:00-04:00,107.85072809583198,121.02915988475394,106.27704273179934,119.214111328125,176359100,0.0,0.0,0.0,XLK,0.11383726259028926
2020-12-01 00:00:00-05:00,120.19887915619205,126.86049789146907,118.6541560779513,125.52818298339844,130532700,0.298,0.0,0.0,XLK,0.05296412970688169
2021-01-01 00:00:00-05:00,126.45920922619469,130.43646248786067,122.04650067977911,124.76573181152344,149753100,0.0,0.0,0.0,XLK,-0.006073944143490384
2021-02-01 00:00:00-05:00,126.24631254495758,134.7427284041608,124.45605931228097,126.46887969970703,133698800,0.0,0.0,0.0,XLK,0.013650766628423572
2021-03-01 00:00:00-05:00,128.61719230289955,130.81386377571914,120.68203665932757,128.52041625976562,262715800,0.273,0.0,0.0,XLK,0.016221671014480687
2021-04-01 00:00:00-04:00,130.1978409336882,139.4201170352981,130.0717842594436,135.47325134277344,118248100,0.0,0.0,0.0,XLK,0.05409907067959341
2021-05-01 00:00:00-04:00,136.20054844626998,136.47207559566945,126.99768691008967,134.2125701904297,169803900,0.0,0.0,0.0,XLK,-0.009305756965660938
2021-06-01 00:00:00-04:00,134.81382513360748,143.54152178814442,132.40884917931962,143.19241333007812,136495200,0.26,0.0,0.0,XLK,0.066907616230784
2021-07-01 00:00:00-04:00,143.26060626273156,150.31384895335194,142.72626632611355,149.03143310546875,139945100,0.0,0.0,0.0,XLK,0.04077743813096357
2021-08-01 00:00:00-04:00,149.70177485086998,155.3366036627589,146.90380244179164,154.3359375,126830500,0.0,0.0,0.0,XLK,0.035593191879039976
2021-09-01 00:00:00-04:00,154.87024474109552,155.56974140192324,144.98987293720586,145.06759643554688,221924200,0.273,0.0,0.0,XLK,-0.06005303246013671
2021-10-01 00:00:00-04:00,145.84833365938292,157.30326161421218,142.94811072195134,157.2059326171875,210552900,0.0,0.0,0.0,XLK,0.08367365614300826
2021-11-01 00:00:00-04:00,157.205930615534,169.58542448319355,156.17430860161565,164.20346069335938,233371200,0.0,0.0,0.0,XLK,0.04451185753410192
2021-12-01 00:00:00-05:00,165.93583914653985,172.30076157438256,158.68527319201945,169.2156219482422,273184600,0.317,0.0,0.0,XLK,0.030524090258016834
2022-01-01 00:00:00-05:00,169.7599981735944,171.61262855320078,142.59449853588865,157.932373046875,322981400,0.0,0.0,0.0,XLK,-0.0666797117870026
2022-02-01 00:00:00-05:00,158.1469028578305,160.01903899039579,138.18718126081208,150.2293243408203,270739100,0.0,0.0,0.0,XLK,-0.04877434915619483
2022-03-01 00:00:00-05:00,149.6638062561467,159.5705264433901,137.46564604493744,154.9681854248047,270493500,0.286,0.0,0.0,XLK,0.03154418156892902
2022-04-01 00:00:00-04:00,155.41081420175823,157.81392976618318,136.51808274963773,138.1494598388672,235094300,0.0,0.0,0.0,XLK,-0.10853018340398946
2022-05-01 00:00:00-04:00,137.99315423972388,145.69092269143582,124.10201842463384,137.20188903808594,268894200,0.0,0.0,0.0,XLK,-0.006859026462256668
2022-06-01 00:00:00-04:00,138.676966965151,140.11295727959552,119.63769731103014,124.18016052246094,186992500,0.323,0.0,0.0,XLK,-0.09490925093611713
2022-07-01 00:00:00-04:00,123.71931795424565,141.69152584820063,122.3873170966099,141.25079345703125,131312800,0.0,0.0,0.0,XLK,0.13746666828863274
2022-08-01 00:00:00-04:00,139.97756522274867,148.73351114260657,132.40671443219586,132.4752655029297,133937900,0.0,0.0,0.0,XLK,-0.062127282539981565
2022-09-01 00:00:00-04:00,131.18243753614976,136.58879562538576,116.11907712798605,116.33454895019531,173280200,0.317,0.0,0.0,XLK,-0.12183947313830767
2022-10-01 00:00:00-04:00,117.54472034319579,127.49066570641293,110.91736606465804,125.54663848876953,170074600,0.0,0.0,0.0,XLK,0.07918618864047056
2022-11-01 00:00:00-04:00,127.1077575737503,133.50928036035887,116.07197957853964,133.48965454101562,137948300,0.0,0.0,0.0,XLK,0.06326745301871717
2022-12-01 00:00:00-05:00,133.6172711582714,136.79840646714095,119.08618838433134,122.178955078125,139131500,0.365,0.0,0.0,XLK,-0.08473090668921712
2023-01-01 00:00:00-05:00,123.83936679933558,135.5468565010069,118.95550608262116,133.87295532226562,138447500,0.0,0.0,0.0,XLK,0.0957120662610278
2023-02-01 00:00:00-05:00,133.77445949686606,142.37044400014088,133.13444343777712,134.42433166503906,123330700,0.0,0.0,0.0,XLK,0.004118653700040831
2023-03-01 00:00:00-05:00,134.4834114699726,148.8297448407479,132.0217880685407,148.69189453125,193970600,0.316,0.0,0.0,XLK,0.1061382466216243
2023-04-01 00:00:00-04:00,148.11225960151896,149.51354644650647,142.02356353357843,148.84251403808594,118981500,0.0,0.0,0.0,XLK,0.0010129638021680876
2023-05-01 00:00:00-04:00,148.72411395929632,165.82574479380386,144.99390884003463,162.11529541015625,129568900,0.0,0.0,0.0,XLK,0.08917332159999702
2023-06-01 00:00:00-04:00,161.602142148893,173.97691200356715,160.9311096822473,171.56906127929688,143186400,0.362,0.0,0.0,XLK,0.05831507659547075
2023-07-01 00:00:00-04:00,171.89877317665199,179.44400970010358,168.051991173,176.36856079101562,132272900,0.0,0.0,0.0,XLK,0.027974154990016764
2023-08-01 00:00:00-04:00,175.79500917285188,177.04100535085433,161.12976618884448,173.7084503173828,138048400,0.0,0.0,0.0,XLK,-0.015082679484950012
2023-09-01 00:00:00-04:00,174.79619492909413,175.40931700368816,158.8256271028749,162.10873413085938,116876300,0.36,0.0,0.0,XLK,-0.06677692516011502
2023-10-01 00:00:00-04:00,162.53428649902344,171.2749342971569,158.0648714399763,162.53428649902344,164363300,0.0,0.0,0.0,XLK,0.002625104504366371
2023-11-01 00:00:00-04:00,162.82169315848196,185.21833774981147,162.82169315848196,183.49400329589844,132699900,0.0,0.0,0.0,XLK,0.12895566374545187
2023-12-01 00:00:00-05:00,183.0183166546732,191.97698685204554,179.68856309492028,190.74813842773438,147264600,0.422,0.0,0.0,XLK,0.03953336349710601
2024-01-01 00:00:00-05:00,188.56679918739235,204.74583575578632,182.1706618060004,196.33352661132812,151010800,0.0,0.0,0.0,XLK,0.029281482008852278
2024-02-01 00:00:00-05:00,197.11816014928928,207.0500470307777,195.72770204782356,205.5701904296875,129796300,0.0,0.0,0.0,XLK,0.04704577958630951
2024-03-01 00:00:00-05:00,206.09659202191713,210.90363708879644,202.85880215321313,206.85142517089844,138929900,0.339,0.0,0.0,XLK,0.00623259013640487
2024-04-01 00:00:00-04:00,207.6307069966771,209.01351829806967,191.04689902243962,195.25503540039062,141090100,0.0,0.0,0.0,XLK,-0.05606144487971021
2024-05-01 00:00:00-04:00,194.2104820375869,216.49464137102044,193.21565322484642,209.07322692871094,110235800,0.0,0.0,0.0,XLK,0.07076996247489697
2024-06-01 00:00:00-04:00,210.67491768036172,231.3872472171118,207.093527614698,225.0601348876953,97972800,0.4,0.0,0.0,XLK,0.0764655914764043
2024-07-01 00:00:00-04:00,225.79378421479632,237.32413778030676,207.5863725144636,218.05039978027344,111111900,0.0,0.0,0.0,XLK,-0.03114605396873027
2024-08-01 00:00:00-04:00,217.45245717784408,226.59103949701105,190.09650223099104,219.57516479492188,135416000,0.0,0.0,0.0,XLK,0.006992718271486398
2024-09-01 00:00:00-04:00,216.69506863568196,228.09587845171805,202.28460086456317,224.98655700683594,98701100,0.399,0.0,0.0,XLK,0.02464482819342595
2024-10-01 00:00:00-04:00,224.72177821323538,234.18628112757503,218.5918230685442,221.87644958496094,83449800,0.0,0.0,0.0,XLK,-0.013823525561931671
2024-11-01 00:00:00-04:00,222.11605919014863,237.55077616372668,221.8165468884536,233.34765625,80158800,0.0,0.0,0.0,XLK,0.05170087535877266
2024-12-01 00:00:00-05:00,233.5173653274505,241.4843221014475,229.81344291366622,232.13963317871094,95308300,0.386,0.0,0.0,XLK,-0.005176923954165802
